,
,  Projetos Integradores ADS 2026.2
,
,
,Planilha operacional — 5º Semestre
,Projeto: Cidade Conectada — app mobile de gestão de demandas urbanas (Smart City)
,
,Abas desta planilha:
,"• Matriz Intersecção 5S — Papel, conteúdos, contribuição, conexões, entregas U1/U2, início, dependências, riscos e comunicação por disciplina."
,"• Entregas 5S — Detalhamento das entregas por disciplina e unidade (artefatos, critérios, evidências, dependências, momento)."
,"• Rubricas 5S — Rubricas de U1 e U2 por disciplina (Critério, Peso, Excelente, Bom, Suficiente, Insuficiente)."
,• Roadmap Projeto 5S — Roadmap semanal da disciplina de Projeto.
,"• Comunicação 5S — Checkpoints, fluxos de informação e quadro compartilhado."
,• Riscos 5S — Riscos do 2º semestre e mitigações.
,
,
,"Observação: a rubrica de cada disciplina técnica corresponde ao bloco do Projeto Integrador, que vale ≥40% da nota de cada unidade. Os pesos somam 100% dentro desse bloco."
,
,Cada semestre possui seu próprio documento e planilha. Documento de uso da coordenação e dos professores das disciplinas do período.