,Pontos de Comunicação Docente — 5º Semestre
,
,Checkpoints mínimos
,"• Reunião de kickoff docente (antes da Semana 1): coordenação + todos os professores alinham o case, o calendário (com a janela do ENADE) e os critérios."
,"• Reunião quinzenal de 30 min entre Projeto e disciplinas técnicas (semanas 3, 5, 7, 9, 11, 13, 15)."
,• Checkpoint de integração da U1 (Semana 8–9) e da U2 (Semana 15–16).
,• Retrospectiva docente ao final do semestre (lições aprendidas para o período seguinte).
,
,O que as disciplinas técnicas repassam à Projeto
,"• Calendário de entregas técnicas e datas de avaliação (no kickoff), considerando a janela do ENADE."
,• Critérios/rubricas usados em cada unidade.
,"• Status semanal: o que foi entregue, bloqueios e riscos."
,• Dependências esperadas de outras disciplinas (ex.: MOB precisa dos requisitos de segurança e do contrato de dados; TEST precisa do app/backend em execução e dos critérios de aceite).
,
,O que a Projeto devolve às disciplinas técnicas
,• Visão consolidada do andamento de cada squad (planejado×realizado).
,• Riscos de integração e desalinhamentos identificados.
,• Feedback de processo e organização das equipes.
,• Alertas de atraso e pedidos de revisão de escopo (em especial perto do ENADE).
,
,Quadro de acompanhamento compartilhado
,Quadro único compartilhado (planilha ou GitHub Projects) com colunas: Squad | Disciplina | Entrega | Unidade | Semana prevista | Status | Dependências | Riscos | Observações. Atualizado antes de cada checkpoint pela disciplina responsável e consolidado pela Projeto.