Riscos e Mitigações — 5º Semestre,,,
,,,
Risco,Impacto,Probabilidade,Mitigação recomendada
ENADE concorre por tempo e atenção da turma,Alto,Alta,Escopo deliberadamente enxuto; calendário com folga e marcos antecipados; entregas leves por unidade.
Tentar refazer o case do zero em vez de continuar,Médio,Média,Deixar claro no kickoff o que já existe e o que falta; Projeto monitora o escopo desde a Semana 1.
App sem backend real ou backend negligenciado,Alto,Média,Marco de backend mínimo na U1; integração começa cedo; rubrica de MOB U2 exige integração real.
Segurança e LGPD tratadas só no papel,Alto,Média,Rubrica de SEG U2 exige implementação e evidências; uso de dados sintéticos; revisão com MOB.
"Testes tratados como documentação, sem automação executável",Alto,Média,"Rubrica de TEST U1 exige execução local reprodutível e a U2 exige pipeline por commit/PR, com evidências; automação começa na Semana 3–4 sobre o app real."
Analytics e segurança descolados do app,Médio,Alta,Contratos de dados/API definidos cedo; painéis e controles consumindo dados reais do projeto.
Recursos do dispositivo subutilizados,Médio,Média,"Exigir uso real de câmera, GPS e notificações no app, conforme as rubricas de Mobile."
Uso acrítico de IA Generativa na geração de testes,Médio,Alta,Exigir registro dos prompts e evidência de revisão humana; casos gerados devem ser rastreáveis aos critérios de aceite.
Laboratório de automação mobile (26/8) antes de o app ter telas navegáveis,Médio,Alta,"Combinar com MOB navegação mínima até 26/8 para o laboratório apontar ao repositório do squad; caso contrário, usar app de exemplo e migrar a suíte em seguida."