Roadmap Semanal — Disciplina de Projeto (5º Semestre),,,,,,,
,,,,,,,
Semana(s),Foco da disciplina de Projeto,Entregas técnicas em acompanhamento,Disciplinas envolvidas,Artefatos a verificar,Perguntas de acompanhamento,Riscos a observar,Ações em caso de atraso/desalinhamento
1,Kickoff do PI e organização das squads,Nenhuma entrega ainda; retomada do case Smart City de 26.1 na versão mobile,Todas,"Tema do PI, calendário (com a janela do ENADE), critérios de cada disciplina",Os papéis estão definidos? O time entendeu que continua o case (não recomeça do zero)?,Times sem papéis; tentativa de refazer o domínio do zero,Mediar papéis; reforçar que o case já está definido e o foco é a versão mobile
2–3,Apoio à retomada do case e definição de requisitos do app,"Backlog do app (MOB), requisitos de segurança (SEG)","MOB, SEG","Backlog do app, requisitos de segurança",Está claro o que já existe e o que falta construir? O escopo está enxuto?,Refazer tudo do zero; escopo inflado para o período do ENADE,Delimitar o que continua e o que será construído; manter o escopo enxuto
3–4,"Setup técnico (app + backend), pipeline de dados e CI de testes","Repositório, app inicial e backend mínimo (MOB), ETL inicial (DADOS), Plano de Testes e backlog de automação (TEST), canvas preliminar (NEG)","MOB, DADOS, TEST, NEG","Repositório, app inicial, backend mínimo, ETL inicial, Plano de Testes, Canvas preliminar",O ambiente está pronto? Há telas navegáveis para o laboratório de automação mobile (26/8)?,Backend deixado de lado; pipeline manual sem reprodutibilidade; laboratório de TEST sem app para automatizar,Cobrar backend mínimo e navegação inicial cedo; integrar as eletivas de DADOS e TEST ao repositório do squad
5–7,Primeira sprint (app + camadas) e convergência,"App com registro (MOB), controles de segurança (SEG), personas, mapa de stakeholders e jornada de usuário (NEG), ETL (DADOS), testes automatizados de unidade e API (TEST)",Todas,"App com registro de demanda, controles iniciais, pipeline de dados, suíte de testes local, Framework de persona, Mapas de stakeholders e jornada (NEG)",As disciplinas estão convergindo para o mesmo app?,Disciplinas trabalhando em visões diferentes do produto,Convocar reunião de integração; consolidar uma visão única
8–9,Fechamento e checkpoint da Entrega U1 (atento ao ENADE),"Entregas U1 de MOB, SEG, NEG, DADOS e TEST",Todas,"App inicial, plano de segurança, Canvas de Modelo de Negócio final (NEG), ETL inicial, Plano de Testes e suíte automatizada executável",As entregas U1 são coerentes e integradas? O calendário comporta o ENADE?,Entregas desconexas; sobrecarga próxima ao ENADE,Registrar pendências; ajustar o calendário para a janela do ENADE
10–11,"Replanejamento da U2 e integração app, backend, dados e testes","Integração das camadas (MOB), analytics (DADOS), controles (SEG), pipeline de testes (TEST)","MOB, DADOS, SEG, TEST","Integração app, backend e dados, analytics integrado, controles em implementação, pipeline de testes especificada",O escopo da U2 é realista para o período do ENADE? A integração é real?,Escopo inflado; integração só no fim,Reduzir escopo se necessário; reservar tempo para o ENADE
12–13,"Segurança, qualidade e KPIs","Controles implementados (SEG), Continuous Testing e suíte E2E (TEST), Definição de KPIs (NEG)","SEG, TEST, NEG","Controles ativos, pipeline executando por commit/PR, documento com descrição dos KPIs.",A segurança está implementada (não só no papel)? Os testes rodam a cada mudança?,Segurança ausente ou apenas configurada; testes manuais ou fora do CI,Cobrar implementação e evidências de segurança e de execução automatizada dos testes
14–15,Consolidação integrada e preparação da apresentação,"Versão final (MOB), relatório de métricas e resultados da suíte (TEST), plano de sustentabilidade (NEG), documentação e fechamento das demais disciplinas",Todas,"Build final, documentação, roteiro de apresentação, plano de sustentabilidade (NEG) e divisão de falas",A versão final está estável? A apresentação está estruturada?,Integração de última hora; apresentação desorganizada,Congelar escopo; ensaiar a apresentação
16–17,Apresentação final e avaliação de processo/integração,Entrega final integrada de todas as disciplinas,Todas,"Demonstração do app, documentação, evidências de gestão",O produto reflete a integração das disciplinas? Como foi o processo da squad?,Avaliar mérito técnico (papel das disciplinas técnicas),"Focar a avaliação em processo, organização e integração"